name,age,occupation,address
Temistocle,65,Banker,San Giovanni Rotondo
Vittoria,49,Producer,Mestre
Ruggero,46,Artist,Tivoli
Napoleone,48,Warden,Andria
Irma,40,Minerals surveyor,Chianciano Terme
Federigo,21,Television camera operator,Civita Castellana
Aldo,41,Market researcher,Portogruaro
Monica,50,Contractor,Aversa
Livio,55,Librarian,Bobbio
Giovanni,23,Psychotherapist,Ercolano
Ezio,20,Dentist,Lodi
Cecilia,35,Restaurant manager,Arezzo
Giosu,65,Engineer aeronautical,Oristano
Vittoria,51,Artist,Sulmona
Tina,42,Catering manager,Capua
Gianfranco,40,Environmental manager,Varallo
Elladio,39,Restaurant manager,Aquileia
Gemma,32,Designer graphic,Florence
Giacobbe,62,Psychologist,Viterbo
Giovanni,22,Producer,Bassano del Grappa
Martino,27,Producer television/film/video,Treviso
Susanna,41,Records manager,Ivrea
Marcantonio,22,Event organiser,Stresa
Griselda,49,Financial controller,Tivoli
Ottavio,54,Fashion designer,Vasto
Piero,23,Doctor,Mirandola
Patrizio,37,Writer,Canosa di Puglia
Beppe,50,Veterinary surgeon,Cento
Romeo,38,Associate Professor,Vibo Valentia
Ugo,33,Technical sales engineer,Portofino
Pomponio,47,Education officer,Catanzaro
Laura,47,Fashion designer,Lugo
Morena,42,Passenger transport manager,Altamura
Elladio,28,Scientist marine,Mantua
Giovanni,48,Science writer,Peschiera del Garda
Ramona,46,Broadcast presenter,Monza
Enzio,39,Barrister,Spoleto
Francesco,36,Automotive engineer,Varallo
Bruno,35,Trainer,Bordighera
Armando,33,Broadcast presenter,Pavia
Martino,45,Surveyor insurance,Oristano
Pina,48,Software engineer,Sulmona
Marissa,54,Management consultant,Aosta
Silvio,19,Chief of Staff,Ariano Irpino
Dina,64,Catering manager,Vibo Valentia
Gioachino,62,Fashion designer,Comiso
Sandra,26,Furniture designer,Calabria
Sandra,54,Surveyor insurance,Marche
Ilaria,22,Producer,Termini Imerese
Daria,57,Police officer,Lanciano
Angelica,60,Librarian,Belgioioso
Fabrizia,63,Automotive engineer,Fossano
Amalia,24,Chief of Staff,Alessandria
Martino,41,Counsellor,Cortona
Ubaldo,41,Neurosurgeon,Torre del Greco
Azeglio,64,CEO,Urbino
Rosina,63,Engineer aeronautical,Fossano
Raffaella,61,Scientist research,Asti
Temistocle,54,Dentist,Amalfi
Martino,49,Ergonomist,Lombardy
Ornella,21,CEO,Torcello
Annibale,27,Producer television/film/video,Subiaco
Sandro,31,Designer,Corato
Cipriano,33,Lecturer,Mestre
Ugo,38,Neurosurgeon,Bronte
Roberta,23,Television camera operator,Cortona
Rosario,31,Contractor,Ancona
Orazio,38,Dentist,Vittoria
Liberto,51,Financial controller,Saluzzo
Nico,40,Chiropodist,Trapani
Elladio,52,Banker,Milazzo
Francesca,48,Surveyor insurance,Assisi
Maurilio,56,Dispensing optician,Savona
Silvio,25,Warehouse manager,Portici
Daria,62,Teacher,Calabria
Luciano,47,Teacher secondary school,Modica
Arnaldo,30,Equality and diversity officer,Lugo
Manuel,39,Medical sales representative,Corato
Ennio,51,Fashion designer,Lecce
Monica,61,Industrial buyer,Verbania
Biagio,38,Solicitor,Gorizia
Temistocle,40,Production assistant radio,Vercelli
Beppe,28,Recycling officer,Pistoia
Giulia,51,Textile designer,ForlÃ¬
Antonio,24,Recycling officer,Marsala
Beatrice,47,Television camera operator,Lanciano
Pier,44,Chemist,Prato
Ronaldo,58,Chiropodist,Foggia
Lisa,21,Art gallery manager,Pisa
Graziano,55,Records manager,Sassari
Gioffre,42,Network engineer,Fidenza
Fiorino,37,Barrister,CefalÃ¹
Giuliana,39,Pharmacist,Sora
Ramona,40,Restaurant manager,Belgioioso
Maurizio,45,Warden,Schio
Beatrice,27,Psychologist,Cori
Benedetto,65,Politician's assistant,Genoa
Luciano,59,Software engineer,Lanciano
Telemaco,61,Records manager,Rivoli
Luigina,49,Neurosurgeon,Torcello
Riccardo,23,Contractor,Tarquinia
Caterina,54,Journalist magazine,Cuneo
Arnaldo,65,Merchant navy officer,Capannori
Victoria,54,Artist,Otranto
Guglielmo,39,Exhibition designer,Avola
Cesare,61,Food technologist,Grottaglie
Giulietta,65,Broadcast presenter,Adrano
Amalia,19,Passenger transport manager,Licata
Ivo,51,Restaurant manager,Narni
Marcantonio,60,Paediatric nurse,Senigallia
Fabio,60,Art gallery manager,Comiso
Romolo,32,Programmer multimedia,Potenza
Patrizio,36,Paediatric nurse,Molise
Graziano,59,Exhibition designer,Emilia-Romagna
Giulio,63,Food technologist,Sesto San Giovanni
Giacomo,42,Scientist marine,Bassano del Grappa
Adelasia,24,Public house manager,Cividale del Friuli
Melissa,50,Paediatric nurse,Alba
Giada,32,Automotive engineer,Torcello
Vincenzo,59,Journalist magazine,Trento
Martino,53,Warden,Valle dâ€™Aosta
Girolamo,41,Meteorologist,Calabria
Arsenio,60,Musician,Conegliano
Annibale,41,Equality and diversity officer,Sardinia
Nico,52,Minerals surveyor,Syracuse
Temistocle,51,Passenger transport manager,Lodi
Valerio,39,Warehouse manager,La Spezia
Paride,41,Veterinary surgeon,Merano
Adelmo,51,Teacher secondary school,Erice
Loretta,38,Public house manager,Terracina
Milena,50,Herbalist,CittÃ  di Castello
Donatella,30,Information officer,Formia
Giustino,51,Therapist sports,Pomigliano dâ€™Arco
Enrico,51,Furniture designer,Gravina in Puglia
Piermaria,35,Network engineer,Reggio di Calabria
Biagio,63,Company secretary,Bari
Elvira,41,Chemist,Favara
Griselda,37,Exhibition designer,Mola di Bari
Gaetano,57,Solicitor,Treviso
Stefano,56,Designer,CittÃ  di Castello
Ernesto,48,Records manager,Isernia
Giulia,46,Television production assistant,Pescia
Vito,53,Contractor,Carpi
Emilio,39,Network engineer,Oristano
Baldassare,49,Ergonomist,Sicily
Jacopo,23,Writer,Udine
Ciro,47,Teacher,Chiavari
Bruno,55,Physiological scientist,Fossano
Alfredo,62,Psychotherapist,Trani
Gabriella,37,Restaurant manager,Massa
Pierluigi,39,Merchant navy officer,Gioia del Colle
Adele,49,Medical sales representative,Subiaco
Francesco,44,Scientist marine,Valle dâ€™Aosta
Melania,48,Theatre director,Frascati
Ramona,20,Contractor,Modica
Lisa,56,Dispensing optician,Manduria
Simone,25,Associate Professor,Siena
Nino,61,Industrial buyer,Agrigento
Raffaele,65,Dentist,Gorizia
Alfredo,65,Trainer,Taormina
Agostino,35,Programmer multimedia,Corato
Elladio,58,Equality and diversity officer,Trapani
Enrico,34,Haematologist,Desio
Vincenza,34,Police officer,Tuscany
Laura,22,Haematologist,Monfalcone
Armando,55,Passenger transport manager,CefalÃ¹
Gioachino,64,Restaurant manager,Fidenza
Giancarlo,27,Politician's assistant,Foligno
Lazzaro,57,Financial controller,Carpi
Marcella,39,Solicitor,Venosa
Gilberto,24,Minerals surveyor,Peschiera del Garda
Erika,42,Public house manager,Ravenna
Coluccio,30,Police officer,Grottaglie
Danilo,45,Chemist,Barletta
Giuliana,53,Information officer,Piazza Armerina
Giustino,31,Lecturer,Vibo Valentia
Roberta,40,Contractor,Matera
Milo,34,Records manager,Bitonto
Michelotto,37,Microbiologist,Mirandola
Ermes,34,Engineer technical sales,Imperia
Ettore,37,Passenger transport manager,Nola
Gioele,29,Psychotherapist,Castelfranco Veneto
Simonetta,65,Psychotherapist,Agrigento
Corrado,42,Warehouse manager,Crotone
Valerio,43,Recycling officer,Urbino
Allegra,50,Producer television/film/video,Sciacca
Vincentio,25,Art gallery manager,Licata
Giulietta,55,Ergonomist,Fermo
Vito,28,Chiropodist,Fano
Ferdinando,24,Art gallery manager,Piombino
Aria,39,Records manager,Gioia del Colle
Silvia,59,Chemist,Puglia
Lando,38,Meteorologist,Caltanissetta
Rossana,22,Journalist magazine,Sicily
Leone,41,Education officer,Narni
Valerio,56,Doctor,Piombino
Fabrizio,26,Teacher secondary school,Emilia-Romagna
Giacomo,29,Trainer,Piacenza
Diana,45,Market researcher,Guastalla
Luciano,28,Dispensing optician,Teramo
Giosu,20,Restaurant manager,Rome
Ricciotti,32,Doctor,Empoli
Giulietta,48,Records manager,Saluzzo
Ermenegildo,53,Equality and diversity officer,ForlÃ¬
Enrico,26,Writer,Aquino
Federica,38,Psychotherapist,Teramo
Enzo,31,Contractor,Gela
Danilo,40,Police officer,Monreale
Napoleone,21,Artist,Olbia
Galasso,44,Surveyor insurance,Civita Castellana
Giacomo,46,Company secretary,Veneto
Amleto,62,Broadcast presenter,NardÃ²
Cecilia,35,Broadcast presenter,Faenza
Bettina,44,Psychologist clinical,Manduria
Martina,39,Barrister,Faenza
Francesco,49,Company secretary,Aquileia
Lorenzo,41,Therapist sports,Terracina
Allegra,20,Ergonomist,Acireale
Ida,55,Lecturer,Ruvo di Puglia
Francesco,47,Television camera operator,Salerno
Agnolo,32,Art therapist,Sciacca
Salvatore,23,Exhibition designer,Reggio di Calabria
Aldo,26,Passenger transport manager,Perugia
Bartolomeo,63,CEO,Centuripe
Nicoletta,39,Therapist sports,Tortona
Lilla,19,Metallurgist,Terni
Marcantonio,32,Banker,Feltre
Stefano,23,Television camera operator,Siena
Ida,20,Herbalist,Livorno
Piero,31,Writer,Brindisi
Pasqual,23,Event organiser,Pistoia
Vittoria,47,Environmental manager,Anagni
Bartolomeo,31,Banker,Udine
Liana,22,Producer television/film/video,Piacenza
Federico,45,Trainer,Catania
Iolanda,64,Chief of Staff,Lodi
Tina,38,Financial controller,Novara
Stella,50,Producer television/film/video,Pietrasanta
Rosina,19,Meteorologist,Teramo
Jolanda,43,Art gallery manager,Trapani
Giovanni,65,CEO,Mazara del Vallo
Donatello,45,Producer television/film/video,Castelfranco Veneto
Cecilia,37,Restaurant manager,Sarno
Eva,25,Therapist sports,Alcamo
Angelina,52,Food technologist,Caserta
Sole,60,Exhibition designer,Pesaro
Greco,57,Metallurgist,Trapani
Agnolo,56,Software engineer,Marsala
Piero,43,Catering manager,Vallombrosa
Susanna,43,Police officer,Castelvetrano
Giovanni,28,Trainer,Vasto
Francesco,56,Producer,Reggio di Calabria
Lauretta,61,Network engineer,Fermo
Carolina,41,Multimedia specialist,Fondi
Saverio,52,Event organiser,Viterbo
Maria,61,Company secretary,Lucca
Virginia,49,Artist,Friuliâ€“Venezia Giulia
Antonella,31,Producer,Prato
Vanessa,34,Engineer technical sales,Rovereto
Arturo,31,CEO,MondovÃ¬
Marco,25,Journalist magazine,Peschiera del Garda
Olga,60,Engineer aeronautical,Caserta
Eliana,46,Art gallery manager,Argenta
Bruno,43,Contractor,Chianciano Terme
Ermenegildo,30,Exhibition designer,Sciacca
Ermenegildo,33,Producer,Molise
Gianluca,27,Psychologist,Peschiera del Garda
Dante,56,Neurosurgeon,Jesi
Ermenegildo,29,Warden,Rivoli
Riccardo,30,Psychotherapist,Crotone
Severino,38,Art gallery manager,Martina Franca
Arnulfo,36,Art therapist,La Spezia
Luciano,29,Psychotherapist,Corato
Caterina,43,Financial controller,Montagnana
Melina,60,Therapist sports,Sicily
Eugenia,28,Pharmacist,Grottaglie
Pierangelo,24,Environmental manager,Subiaco
Sylvia,64,Designer graphic,Imola
Gianluigi,44,Catering manager,Manduria
Lilla,39,Solicitor,Novara
Milo,62,Catering manager,Senigallia
Biagio,58,Counsellor,Gela
Patrizio,28,Police officer,Trapani
Alderano,47,Public house manager,ForlÃ¬
Iolanda,56,Associate Professor,Monte Santâ€™Angelo
Temistocle,38,Scientist research,Civita Castellana
Martino,22,Barrister,Schio
Donatella,50,Company secretary,Portici
Cassandra,20,Doctor,Chiavari
Azeglio,61,Associate Professor,Monte Santâ€™Angelo
Antonella,44,Art therapist,Campania
Vittoria,27,Therapist sports,Pozzuoli
Armando,60,Industrial buyer,Urbino
Amleto,52,Fashion designer,Biella
Marisa,42,Solicitor,Torre del Greco
Annalisa,53,Multimedia specialist,Cassino
Raffaella,53,Data scientist,Canosa di Puglia
Amleto,19,Network engineer,Syracuse
Ludovica,36,Environmental manager,Sesto San Giovanni
Pasqual,33,Politician's assistant,Rimini
Fabia,50,Catering manager,Andria
Marina,32,Environmental manager,Bobbio
Venancio,56,Psychologist clinical,Genoa
Arnaldo,34,Psychologist clinical,Bisceglie
Danilo,43,Musician,Novi Ligure
Jacopo,48,Veterinary surgeon,Rovigo
Rosalia,58,Chemist,Piacenza
Sabatino,48,Psychotherapist,Monte Santâ€™Angelo
Serena,26,Technical sales engineer,Chioggia
Victoria,50,Paediatric nurse,Mola di Bari
Cirillo,58,Designer,Marche
Vittoria,55,Production assistant radio,Caserta
Renzo,43,Science writer,Vittorio Veneto
Rembrandt,49,Designer graphic,Bobbio
Gianluigi,40,Producer television/film/video,Pistoia
Alderano,25,Fashion designer,Pietrasanta
Raffaella,49,Chemist,Naples
Rocco,26,Production assistant radio,Campania
Ansaldo,65,Automotive engineer,Iglesias
Martina,38,Doctor,Lanciano
Giustino,41,Chief of Staff,Sessa Aurunca
Ludovica,50,Restaurant manager,Burano
Simonetta,20,Therapist sports,Aquileia
Valerio,46,Dispensing optician,Avellino
Ottavio,39,Passenger transport manager,Bari
Ignazio,58,Company secretary,Bari
Pina,21,Associate Professor,Iglesias
Ida,50,Lecturer,Foligno
Raffaele,61,Contractor,Frosinone
Ermes,51,Microbiologist,Bolsena
Gioachino,55,Chemist,Aquileia
Isabella,45,Paediatric nurse,Sorrento
Melissa,46,Warehouse manager,Massa
Raffaello,45,Psychologist clinical,Alessandria
Damiano,53,Metallurgist,Florence
Edoardo,26,Banker,CittÃ  di Castello
Antonia,52,Recycling officer,Bolsena
Coluccio,48,Recycling officer,Pescia
Ignazio,47,Art therapist,Modica
Atenulf,50,Therapist sports,Bari
Fiorino,25,Recycling officer,Argenta
Pasquale,40,Technical sales engineer,Bitonto
Graziano,22,Event organiser,Cerignola
Fabia,23,Catering manager,Monfalcone
Carmelo,56,Chief of Staff,Salerno
Anita,49,Restaurant manager,Vittoria
Franco,20,Data scientist,Cerignola
Gioele,60,Chief of Staff,Mazara del Vallo
Milo,39,Psychotherapist,Cava de Tirreni
Damiano,48,Police officer,Forio
Victoria,59,Exhibition designer,Benevento
Fernanda,34,Company secretary,Treviso
Napoleone,30,Equality and diversity officer,CittÃ  di Castello
Giacinto,43,Counsellor,Castelfranco Veneto
Ippazio,36,Barista,Campobasso
Roberto,63,Metallurgist,Arpino
Stefano,50,Paediatric nurse,Saluzzo
Zaira,60,Barista,Savona
Gaspare,52,Television camera operator,Bassano del Grappa
Elvira,21,Psychotherapist,Pesaro
Sandro,56,Technical sales engineer,Desio
Serena,37,Television production assistant,Torre Annunziata
Baldassare,38,Designer graphic,Adria
Eugenia,38,Politician's assistant,Alatri
Edoardo,62,Multimedia specialist,Carpi
Fabio,61,Multimedia specialist,Bolsena
Fabio,40,Food technologist,Empoli
Lucia,25,Food technologist,Piacenza
Orazio,35,Dentist,Bolzano
Nanni,57,Designer,Cosenza
Nico,49,Engineer aeronautical,Puglia
Sante,60,Teacher,Cerignola
Michelotto,40,Warehouse manager,Pesaro
Arnaldo,43,Pharmacist,Gubbio
Ignazio,63,Psychotherapist,Gubbio
Romina,21,Therapist sports,Feltre
Nadia,23,Television camera operator,Augusta
Jacopo,65,Data scientist,Tuscany
Nicoletta,57,Librarian,Bolzano
Melissa,34,Teacher secondary school,Alatri
Antonia,55,Furniture designer,Mestre
Marissa,56,Programmer multimedia,Cerignola
Enzo,49,Neurosurgeon,Portofino
Lamberto,37,Education officer,Pescia
Raimondo,33,Engineer technical sales,Bagheria
Leone,30,Trainer,Bergamo
Ugo,55,Environmental manager,Lazio
Giuseppina,22,Recycling officer,Alghero
Severino,51,Passenger transport manager,Rieti
Romolo,65,Fashion designer,Belgioioso
Greco,23,Surveyor insurance,Castellammare di Stabia
Valentina,24,Education officer,Verona
Baldassare,23,Psychologist clinical,Vibo Valentia
Ninetta,51,Microbiologist,Olbia
Fiamma,38,Dispensing optician,Caltanissetta
Serena,19,Furniture designer,Porto Torres
Graziano,20,Associate Professor,Salerno
Valerio,33,Technical sales engineer,Montagnana
Giacobbe,57,Programmer multimedia,Lanciano
Germana,56,Network engineer,Alessandria
Lando,36,Teacher,Andria
Arturo,25,Producer television/film/video,Rome
Girolamo,47,Education officer,Gubbio
Angelina,24,Politician's assistant,Chioggia
Sabatino,53,Warehouse manager,Casale Monferrato
Angelica,23,Equality and diversity officer,Nola
Rocco,21,Contractor,Trieste
Fiorenzo,49,Herbalist,Montagnana
Romeo,54,Automotive engineer,Mantua
Marcella,56,Television production assistant,Castelvetrano
Azeglio,32,Contractor,Trento
Fabio,48,Veterinary surgeon,Noto
Osvaldo,25,Technical sales engineer,Messina
Isabella,30,Doctor,Perugia
Gloria,56,Scientist,Tivoli
Melissa,20,Fashion designer,Ceglie Messapico
Fabrizia,57,Fashion designer,Brescia
Ida,48,Furniture designer,Pescara
Berenice,26,Doctor,Portogruaro
Marcantonio,46,Multimedia specialist,Torre del Greco
Beppe,30,Textile designer,Civitanova Marche
Rocco,37,CEO,Rapallo
Alina,38,Producer,Cassino
Giovanni,41,Exhibition designer,Cava de Tirreni
Rosalia,34,Psychologist clinical,Fidenza
Victoria,27,Company secretary,Ancona
Lidia,59,Industrial buyer,Sesto San Giovanni
Letizia,20,Barista,Potenza
Donna,33,Producer television/film/video,Anzio
Rembrandt,47,Programmer multimedia,Faenza
Arsenio,53,Scientist research,San Severo
Torquato,23,Theatre director,Cremona
Franco,39,Artist,Liguria
Durante,63,Designer,Prato
Piermaria,28,Company secretary,Nuoro
Nicola,64,Graphic designer,Sondrio
Roman,32,Psychotherapist,Campania
Antonia,29,Engineer aeronautical,Portogruaro
Melissa,39,Contractor,Bordighera
Isa,19,Art gallery manager,Siena
Geronimo,50,Warehouse manager,San Giovanni Rotondo
Baldassare,50,Pharmacist,Cagliari
Vittoria,64,Dispensing optician,Massa
Dino,44,Education officer,Cava de Tirreni
Marco,37,Science writer,Saluzzo
Germana,62,Chemist,Stresa
Gioele,61,Psychologist clinical,Rapallo
Alberto,48,Merchant navy officer,Rome
Antonella,45,Catering manager,Crema
Anita,35,Producer,Sardinia
Donatello,20,Data scientist,Cascina
Ermanno,43,Chemist,Fossano
Jolanda,27,Scientist marine,Pavia
Alberico,60,Psychologist clinical,Ortona
Lazzaro,58,Event organiser,Trani
Pierluigi,63,Musician,Sora
Berenice,52,Network engineer,Bagheria
Laureano,26,Counsellor,Bolzano
Lina,22,Event organiser,Crotone
Ermes,22,Engineer biomedical,Isernia
Ezio,40,Programmer multimedia,Merano
Tatiana,49,Graphic designer,Ortona
Pina,59,Haematologist,Orvieto
Gianpietro,61,Theatre director,Jesi
Milo,43,Recycling officer,Vittorio Veneto
Dina,49,Writer,Marsala
Pierluigi,34,Equality and diversity officer,Pomigliano dâ€™Arco
Maria,20,Food technologist,Vigevano
Ferdinando,33,Company secretary,Manduria
Melania,28,CEO,Pinerolo
Rosalia,27,Producer,Naples
Torquato,21,Chief of Staff,Tivoli
Elvira,60,Art gallery manager,Oristano
Matteo,23,Minerals surveyor,Catanzaro
Vincentio,25,Teacher secondary school,Bitonto
Griselda,56,Scientist research,Carloforte
Dante,53,Dentist,Senigallia
Monica,39,Metallurgist,PaternÃ²
Aria,30,Producer television/film/video,Trieste
Armando,65,Data scientist,Tuscania
Barbara,65,Art gallery manager,Pozzuoli
Arnaldo,58,Broadcast presenter,Monfalcone
Pina,65,Education officer,Civita Castellana
Franco,37,Contractor,San Severo
Martino,44,Engineer technical sales,Cascina
Eleanora,51,Barrister,Augusta
Lorenzo,40,Tour manager,Marino
Caterina,57,Designer graphic,Pescara
Melissa,43,Solicitor,Faenza
Livia,60,Multimedia specialist,Brescia
Vanessa,34,Television production assistant,Magenta
Piergiorgio,35,Engineer technical sales,Massa
Giada,19,Furniture designer,Piacenza
Stefano,31,Programmer multimedia,Aquila
Lucio,19,Engineer biomedical,Bobbio
Osvaldo,49,Physiological scientist,Sora
Antonina,22,Solicitor,Vittoria
Francesca,31,Medical sales representative,Este
Donna,32,Art gallery manager,Chioggia
Etta,41,Exhibition designer,Palazzolo Acreide
Marcella,22,Librarian,Vallombrosa
Rolando,47,Medical sales representative,Porto Torres
Filippo,28,Technical sales engineer,Pistoia
Annetta,22,Chemist,Ferrara
Ansaldo,48,Art therapist,Anzio
Pomponio,44,Multimedia specialist,Civitavecchia
Veronica,63,Banker,Bari
Ferdinando,30,Warehouse manager,Alessandria
Pomponio,44,Art gallery manager,Eboli
Isabella,19,Market researcher,Vittorio Veneto
Riccardo,37,Information officer,Taranto
Giuliana,51,Data scientist,Varese
Cirillo,61,Journalist magazine,Rimini
Elvira,35,Artist,Cerignola
Cipriano,25,Solicitor,Lecco
Marcantonio,43,Paediatric nurse,Sulmona
Beppe,62,Chief of Staff,Salerno
Martino,59,Multimedia specialist,Perugia
Livio,65,Textile designer,Portofino
Giada,36,Surveyor insurance,Carrara
Alessio,22,Designer graphic,Agrigento
Costantino,21,Multimedia specialist,Ruvo di Puglia
Annetta,37,Teacher,Novara
Arturo,32,Environmental manager,Pistoia
Ninetta,65,Food technologist,Aquila
Napoleone,21,Lecturer,Mirandola
Lamberto,42,Science writer,Canosa di Puglia
Annunziata,38,Psychotherapist,Tortona
Monica,40,Network engineer,Loreto
Ugo,19,Dentist,Alghero
Eleanora,32,Psychologist clinical,Arezzo
Martino,59,Education officer,Genoa
Napoleone,39,Environmental manager,Ercolano
Venancio,26,Technical sales engineer,Nocera Inferiore
Pierluigi,32,Teacher,Porto Torres
Erika,29,Technical sales engineer,Todi
Liliana,63,Scientist marine,Ferrara
Tiziana,38,Engineer biomedical,Terracina
Giacinto,64,Producer television/film/video,Portici
Armando,30,Art gallery manager,Gela
Olga,28,Art therapist,Portici
Atenulf,47,Market researcher,Sondrio
Donatella,41,Microbiologist,Civitanova Marche
Laura,45,Information officer,Monfalcone
Rosaria,62,Lecturer,Loreto
Gustavo,62,Merchant navy officer,Treviso
Angelo,46,Programmer multimedia,Assisi
Francesco,35,Data scientist,Aquino
Nadia,23,Management consultant,Portofino
Isabella,33,Science writer,Marino
Gianpietro,40,Psychotherapist,Capannori
Donatella,28,Engineer biomedical,Corleone
Federica,27,Public house manager,Castelfranco Veneto
Lisa,57,Scientist research,Montagnana
Roberta,19,Physiological scientist,Carrara
Giulio,47,Financial controller,Augusta
Damiano,27,Dentist,Sulmona
Martino,55,Artist,Prato
Antonina,51,Banker,Fidenza
Torquato,30,Politician's assistant,Syracuse
Matteo,25,Multimedia specialist,Liguria
Alessandro,51,Microbiologist,Empoli
Martino,43,Herbalist,Avellino
Dario,25,Public house manager,Montecatini Terme
Gaspare,31,Designer graphic,Montagnana
Annalisa,52,Banker,Torre Annunziata
Ricciotti,19,Data scientist,Arezzo
Marcella,56,Haematologist,Modica
Laura,40,Multimedia specialist,Novi Ligure
Ornella,31,Writer,Anzio
Melissa,29,Neurosurgeon,Piombino
Liana,30,Designer,Bobbio
Pierluigi,43,Data scientist,Padua
Nico,30,Producer television/film/video,Sardinia
Vittoria,49,Art therapist,Pesaro
Gastone,43,Event organiser,Livorno
Nicola,64,Doctor,Monte Santâ€™Angelo
Martino,62,Science writer,MondovÃ¬
Giustino,19,Neurosurgeon,Alatri
Rolando,39,Artist,Aosta
Sonia,20,Dentist,Enna
Costanzo,39,Surveyor insurance,Vibo Valentia
Piero,61,Psychotherapist,Desio
Domenico,59,Science writer,Capua
Micheletto,48,Counsellor,San Giovanni Rotondo
Barbara,55,Psychologist,Sorrento
Pina,61,Science writer,Vibo Valentia
Silvestro,46,Ergonomist,Fano
Simonetta,33,Restaurant manager,Sciacca
Cecilia,54,CEO,Veneto
Gianluigi,41,Barista,Subiaco
Panfilo,45,Warehouse manager,Turin
Pietro,35,Politician's assistant,Emilia-Romagna
Emilio,65,Exhibition designer,Montagnana
Severino,49,Psychotherapist,Sulmona
Ermenegildo,28,Haematologist,Altamura
Aria,48,Associate Professor,Sicily
Renzo,35,Teacher,Adrano
Salvatore,54,Management consultant,Ascoli Piceno
Fiorino,45,Barrister,Taranto
Evangelista,32,Herbalist,Teramo
Vittorio,42,Production assistant radio,Udine
Flavio,53,Records manager,PaternÃ²
Baccio,29,Teacher,Massa
Torquato,58,Veterinary surgeon,Umbria
Elvira,47,Chiropodist,Venosa
Cecilia,61,Exhibition designer,Isernia
Mercedes,41,Education officer,Forio
Nanni,24,Designer graphic,Moncalieri
Orazio,34,Exhibition designer,Senigallia
Marcantonio,56,Minerals surveyor,Siena
Milena,21,Counsellor,Cori
Jacopo,27,Journalist magazine,Montecatini Terme
Angelo,36,Lecturer,Biella
Nico,63,Television camera operator,Friuliâ€“Venezia Giulia
Martina,54,Environmental manager,Avezzano
Jacopo,59,Surveyor insurance,Noto
Marissa,54,Ergonomist,Friuliâ€“Venezia Giulia
Fausto,53,Psychotherapist,Puglia
Adele,45,Dentist,Como
Gianluigi,57,Food technologist,Tivoli
Martino,41,Science writer,Voghera
Raffaele,37,Exhibition designer,Viareggio
Marissa,29,Warden,Torre Annunziata
Sergius,43,Therapist sports,Sarzana
Germana,42,Psychotherapist,Pietrasanta
Dario,59,Microbiologist,Ercolano
Ornella,50,Designer graphic,Guastalla
Melissa,38,Scientist,Ortona
Amalia,62,Art gallery manager,Chioggia
Simone,38,Records manager,Gela
Ennio,55,Passenger transport manager,Todi
Eleanora,33,Dentist,Tivoli
Calcedonio,65,Trainer,Carloforte
Manuel,22,Medical sales representative,Alghero
Leonardo,30,Art gallery manager,Civitanova Marche
Giancarlo,65,Restaurant manager,Urbino
Piero,21,Company secretary,Bolzano
Giuseppe,56,Lecturer,Olbia
Calcedonio,40,Theatre director,Sessa Aurunca
Stefano,53,Environmental manager,Legnano
Silvestro,34,Dispensing optician,Castel Gandolfo
Aldo,42,Barrister,Calabria
Lilla,47,Market researcher,Merano
Graziella,33,Solicitor,Biella
Franco,42,Producer,Varallo
Giustino,52,Physiological scientist,Ferentino
Piergiuseppe,57,Warden,Sardinia
Milena,57,Designer graphic,Pomigliano dâ€™Arco
Giulio,37,Financial controller,Teramo
Vanessa,34,Microbiologist,Puglia
Romeo,40,Herbalist,Augusta
Luigina,57,Chiropodist,Gravina in Puglia
Martino,26,Artist,Tivoli
Raffaele,52,Doctor,Varallo
Geronimo,24,Theatre director,Siena
Germana,29,Doctor,Calabria
Telemaco,44,Trainer,Avezzano
Piergiuseppe,39,Veterinary surgeon,Saluzzo
Arnulfo,60,Television production assistant,Piazza Armerina
Anita,63,Engineer biomedical,Licata
Baldassare,50,Contractor,Modica
Laureano,38,Science writer,Torre del Greco
Costanzo,38,Records manager,Este
Milo,23,Network engineer,Asti
Marcella,25,Chiropodist,Este
Fabio,24,Food technologist,Sessa Aurunca
Napoleone,63,Barista,Subiaco
Sante,58,Graphic designer,Rovigo
Rosario,59,Neurosurgeon,Saluzzo
Annetta,36,Psychotherapist,Olbia
Luchino,52,Musician,CefalÃ¹
Marco,33,Industrial buyer,Belluno
Martina,23,Minerals surveyor,Pistoia
Matteo,31,Solicitor,Sondrio
Uberto,27,Herbalist,Prato
Priscilla,59,Therapist sports,Chianciano Terme
Veronica,62,Engineer biomedical,Chianciano Terme
Armando,34,Information officer,Fano
Goffredo,25,Information officer,Pistoia
Annetta,24,Neurosurgeon,Syracuse
Luciano,58,Chief of Staff,Vasto
Mauro,23,Veterinary surgeon,Capannori
Danilo,51,Art gallery manager,Rieti
Renzo,34,Pharmacist,Campania
Jacopo,29,Company secretary,Campobasso
Giosu,38,Restaurant manager,Guastalla
Daria,50,Barista,Aversa
Annetta,48,Production assistant radio,La Spezia
Tina,62,Dispensing optician,Aosta
Adriana,33,Broadcast presenter,Fabriano
Sandro,26,Television production assistant,Sora
Pasqual,44,Art gallery manager,Lazio
Pietro,42,Psychotherapist,Corleone
Gino,36,Art gallery manager,Bolzano
Marcella,37,Pharmacist,CefalÃ¹
Gemma,35,Warehouse manager,Salerno
Marissa,42,Therapist sports,Torre del Greco
Rosa,61,Restaurant manager,Faenza
Giulia,42,Meteorologist,Castel Gandolfo
Ennio,62,Financial controller,Loreto
Loredana,26,Environmental manager,Rivoli
Guglielmo,48,Network engineer,Pavia
Nina,45,Microbiologist,Feltre
Flavio,44,Designer graphic,Torcello
Rosalia,59,Financial controller,Adria
Bernardo,53,Television camera operator,Liguria
Susanna,57,Psychologist clinical,Pietrasanta
Milo,28,Engineer aeronautical,Agrigento
Fabio,29,Software engineer,Rimini
Martina,54,Television production assistant,Castelfranco Veneto
Aldo,54,Furniture designer,Taranto
Federico,49,Medical sales representative,Syracuse
Amalia,31,Dispensing optician,Benevento
Leone,39,Education officer,Tuscania
Mercedes,45,Dispensing optician,Bronte
Manuel,36,Records manager,Piombino
Ivo,31,Microbiologist,Naples
Giosu,58,Barrister,Amalfi
Griselda,64,Engineer biomedical,Sesto San Giovanni
Carmelo,60,Production assistant radio,Civitanova Marche
Flavia,46,Broadcast presenter,Alba
Laura,31,Medical sales representative,Asti
Toni,29,Writer,Friuliâ€“Venezia Giulia
Enzio,64,Event organiser,Pescara
Dino,37,Warden,Saluzzo
Antonello,45,Librarian,Andria
Marcella,23,Haematologist,Isernia
Amalia,19,Television production assistant,Empoli
Franco,49,Haematologist,Adria
Silvestro,26,Designer graphic,Novi Ligure
Gioffre,48,Pharmacist,Vallombrosa
Guarino,45,Librarian,Trapani
Etta,49,Banker,Oristano
Giustino,59,Psychotherapist,Genoa
Gianluigi,22,Teacher,Conegliano
Domenico,59,Engineer aeronautical,Alba
Alessandro,62,Barrister,Arpino
Nanni,53,Scientist,Sarno
Raimondo,20,Solicitor,Potenza
Raimondo,27,Furniture designer,Varallo
Panfilo,35,Engineer aeronautical,Argenta
Baldassare,64,Minerals surveyor,Naples
Loretta,64,Furniture designer,Marche
Nanni,62,Financial controller,Fidenza
Olga,53,Television production assistant,Rome
Atenulf,23,Haematologist,Puglia
Simonetta,22,Counsellor,ForlÃ¬
Germana,29,Metallurgist,Liguria
Fabia,60,Politician's assistant,Bari
Giulio,32,Psychotherapist,Cosenza
Pierina,37,Neurosurgeon,Turin
Etta,19,Metallurgist,Bassano del Grappa
Giulietta,53,Psychologist clinical,Cuneo
Diana,60,Information officer,Liguria
Alfredo,48,Art gallery manager,San Giuliano Terme
Rolando,51,Haematologist,Moncalieri
Lorenzo,57,Psychotherapist,Frosinone
Dina,64,Psychologist,Argenta
Mirco,19,Theatre director,Bari
Sabatino,46,Passenger transport manager,Forio
Calogero,43,Graphic designer,Sardinia
Stefani,29,Associate Professor,Assisi
Amleto,62,Psychotherapist,Sessa Aurunca
Ermenegildo,44,Restaurant manager,Padua
Donato,57,Veterinary surgeon,Arezzo
Pellegrino,43,Graphic designer,Sora
Ugo,22,Therapist sports,Lodi
Marcella,55,Artist,Burano
Giulietta,54,Exhibition designer,Portogruaro
Fulvio,34,Physiological scientist,Capannori
Bernardo,54,Scientist research,Adria
Mariano,60,Chemist,Carpi
Milena,27,Veterinary surgeon,Brescia
Rolando,52,Barrister,Olbia
Giustino,50,Art gallery manager,Viareggio
Michele,58,Public house manager,Palermo
Fortunata,64,Information officer,Chiavari
Vincentio,33,Microbiologist,Anzio
Ermenegildo,46,Catering manager,Jesi
Nadia,65,Designer graphic,Bassano del Grappa
Greco,37,Politician's assistant,Ferentino
Stefano,52,Exhibition designer,Nola
Romina,30,Designer,Gravina in Puglia
Marcantonio,31,Designer,Spoleto
Annetta,44,Technical sales engineer,Fondi
Antonella,33,Neurosurgeon,Modena
Livio,24,Paediatric nurse,Novi Ligure
Fortunata,45,Engineer biomedical,Catania
Mario,41,Journalist magazine,Narni
Gioele,36,Psychologist,Cosenza
Allegra,51,Information officer,Naples
Gianmarco,58,Police officer,Avellino
Berenice,46,Meteorologist,Trapani
Martino,56,Teacher,Alatri
Adelasia,27,Television camera operator,Bassano del Grappa
Giustino,24,Television production assistant,Portici
Annunziata,28,Pharmacist,Trento
Isabella,28,Surveyor insurance,ForlÃ¬
Nina,49,Restaurant manager,Fermo
Dina,53,Fashion designer,Bassano del Grappa
Michelotto,52,Producer,Rovigo
Benedetto,28,Event organiser,Peschiera del Garda
Caterina,31,Counsellor,Bolzano
Lodovico,62,Theatre director,Feltre
Enrico,26,Microbiologist,Messina
Rosa,64,Journalist magazine,Tarquinia
Flavio,20,Event organiser,Portofino
Stella,58,Barista,Como
Martino,28,Contractor,NardÃ²
Clelia,37,Equality and diversity officer,Aquino
Leone,19,Police officer,Cesena
Pomponio,33,Haematologist,Udine
Evangelista,51,Education officer,Portofino
Pierluigi,32,Furniture designer,Grosseto
Fabrizia,44,Environmental manager,Potenza
Alfredo,65,Psychotherapist,Piazza Armerina
Diana,48,Psychologist,Alatri
Etta,27,Veterinary surgeon,Narni
Lolita,50,Warden,Tarquinia
Daria,56,Company secretary,Marche
Federico,28,Designer,Montagnana
Flavia,25,Event organiser,Voghera
Lidia,36,Engineer biomedical,Arpino
Dino,64,Metallurgist,Formia
Ezio,28,Art gallery manager,Bolzano
Ornella,61,Graphic designer,Lazio
Venancio,47,Artist,Busto Arsizio
Ettore,30,Art gallery manager,Bolzano
Calcedonio,55,Designer graphic,Abruzzi
Antonina,55,Police officer,Brindisi
Pasqual,30,Chief of Staff,Brescia
Eliana,51,Scientist research,Corato
Priscilla,41,Barista,Ravenna
Fedele,26,Management consultant,Adrano
Beppe,57,Data scientist,Torre Annunziata
Arnaldo,20,Psychologist,San Remo
Diana,56,Restaurant manager,Chioggia
Alessio,51,Multimedia specialist,Carloforte
Ornella,37,Librarian,Taranto
Cristina,57,Musician,NardÃ²
Arturo,54,Television production assistant,Verona
Fredo,61,Furniture designer,MondovÃ¬
Livia,39,Police officer,Capua
Federico,29,Scientist research,MondovÃ¬
Damiano,49,Contractor,Biella
Temistocle,37,Scientist,Varallo
Vittorio,62,Barrister,Eboli
Piermaria,51,Company secretary,Avezzano
Fedele,51,Herbalist,Messina
Martino,31,Banker,CantÃ¹
Fabio,38,Warden,Fano
Calogero,40,Associate Professor,Fidenza
Riccardo,61,Restaurant manager,Pietrasanta
Eugenia,24,Food technologist,Pavia
Martina,45,Food technologist,Taormina
Rosario,32,Scientist marine,Vicenza
Annalisa,36,Meteorologist,Verbania
Ronaldo,29,Programmer multimedia,Capannori
Ugo,21,Engineer biomedical,Legnano
Alderano,49,Company secretary,ForlÃ¬
Cristina,34,Doctor,Empoli
Serafina,52,Equality and diversity officer,Civitanova Marche
Gastone,29,Counsellor,Bressanone
Mauro,23,Psychologist clinical,Fermo
Alberico,39,Solicitor,Alatri
Arnaldo,64,Designer graphic,Carloforte
Donatella,57,Minerals surveyor,Todi
Amalia,34,Financial controller,Melfi
Fausto,34,Science writer,Comiso
Cipriano,20,Multimedia specialist,Ancona
Letizia,26,Production assistant radio,Fossano
Ciro,56,Passenger transport manager,Cava de Tirreni
Rosina,59,Network engineer,Matera
Alessio,38,Designer graphic,Gravina in Puglia
Greca,31,Television production assistant,Noto
Danilo,52,Restaurant manager,Monza
Benito,49,Restaurant manager,Subiaco
Nedda,39,Science writer,Fossano
Alessandro,33,Physiological scientist,Subiaco
Valerio,20,Textile designer,Mola di Bari
Adelasia,60,Engineer technical sales,Prato
Alessio,32,Company secretary,Aquila
Lolita,62,Warehouse manager,Ortona
Pasqual,61,Physiological scientist,Foggia
Mercedes,65,Multimedia specialist,Casale Monferrato
Rosina,43,Production assistant radio,Umbria
Rosina,38,Trainer,Acireale
Bettina,51,Trainer,Termini Imerese
Sylvia,62,Tour manager,Cremona
Stefano,56,Public house manager,Burano
Amleto,28,Lecturer,Manfredonia
Bettina,41,Television production assistant,Merano
Rolando,30,Metallurgist,Ivrea
Corrado,40,Scientist marine,Gubbio
Paola,56,Designer,Messina
Alderano,49,Lecturer,Bolsena
Martino,61,Theatre director,Aosta
Marcello,28,Barista,Genoa
Gino,36,Restaurant manager,Rapallo
Letizia,29,Associate Professor,PaternÃ²
Piero,41,Physiological scientist,Modica
Nedda,25,Paediatric nurse,Vibo Valentia
Luciano,45,Artist,Subiaco
Calcedonio,32,Network engineer,Manfredonia
Fortunata,54,Art gallery manager,Milazzo
Gloria,65,Textile designer,Atri
Barbara,42,Graphic designer,Calabria
Michele,61,Engineer technical sales,Taormina
Benedetto,26,Environmental manager,Pietrasanta
Ottavio,32,Police officer,Andria
Marina,62,Engineer aeronautical,Campobasso
Uberto,28,Technical sales engineer,Erice
Alfio,23,Writer,Jesi
Ronaldo,54,Psychotherapist,Vicenza
Carlo,42,Surveyor insurance,Monfalcone
Ramona,32,Scientist research,Capua
Maura,43,Librarian,Savona
Giulietta,47,Neurosurgeon,Piombino
Lolita,42,Warden,Basilicata
Marina,37,Herbalist,Alessandria
Gloria,45,Merchant navy officer,Saluzzo
Pasqual,39,Pharmacist,Valle dâ€™Aosta
Federica,47,Management consultant,Imola
Gioffre,54,Passenger transport manager,Piacenza
Ramona,21,Physiological scientist,Vibo Valentia
Annibale,19,Programmer multimedia,Gubbio
Calogero,19,Theatre director,Udine
Maria,65,Scientist marine,Campania
Rosalia,28,Fashion designer,Gioia del Colle
Valerio,53,Graphic designer,San Giuliano Terme
Ilaria,60,Warden,Varese
Massimiliano,46,Restaurant manager,Foligno
Griselda,21,Banker,Savona
Francesca,38,Merchant navy officer,Bergamo
Arnaldo,20,Dispensing optician,Aquila
Griselda,28,Software engineer,Turin
Armando,46,Data scientist,Arezzo
Germana,24,Banker,Catanzaro
Melina,40,Therapist sports,Rimini
Valeria,35,Lecturer,Ferrara
Ugo,49,Restaurant manager,Molise
Liana,23,Barista,Vallombrosa
Raffaele,48,Solicitor,Fondi
Costanzo,22,Barrister,Spoleto
Nicoletta,65,Engineer technical sales,Benevento
Amadeo,43,Company secretary,Novi Ligure
Gioele,43,Associate Professor,NardÃ²
Raffaele,38,Fashion designer,Altamura
Maria,19,Exhibition designer,Melfi
Piero,21,Programmer multimedia,Cuneo
Sandra,57,Designer,Mazara del Vallo
Carmelo,25,Veterinary surgeon,Veneto
Clelia,59,Paediatric nurse,San Giovanni Rotondo
Gianmarco,40,Exhibition designer,MondovÃ¬
Loretta,35,Dentist,Vallombrosa
Lucio,64,Data scientist,Todi
Pomponio,63,Artist,Melfi
Sante,50,Merchant navy officer,Tarquinia
Virginia,61,Tour manager,Palazzolo Acreide
Agnolo,25,Pharmacist,Piacenza
Lazzaro,53,Writer,Caltanissetta
Napoleone,44,Graphic designer,Feltre
Letizia,34,Records manager,Senigallia
Achille,19,Pharmacist,Magenta
Pasqual,64,Art gallery manager,Desio
Beatrice,22,CEO,Centuripe
Ermenegildo,29,Passenger transport manager,Emilia-Romagna
Manuel,54,Writer,Gela
Veronica,63,Television production assistant,Gubbio
Tiziana,33,Engineer aeronautical,Sardinia
Angelina,26,Producer,Isernia
Annalisa,55,Librarian,Pistoia
Ramona,51,Public house manager,Belluno
Saverio,64,Counsellor,Augusta
Ninetta,64,Warehouse manager,Modena
Piero,26,Counsellor,Civita Castellana
Raimondo,36,Journalist magazine,Pietrasanta
Adele,47,Trainer,Brescia
Luca,30,Environmental manager,Campobasso
Simone,26,Producer,Valle dâ€™Aosta
Giuliana,54,Art therapist,Alessandria
Vincentio,25,Associate Professor,Tarquinia
Gianluca,56,Psychotherapist,Nocera Inferiore
Armando,24,Warden,Trani
Fabrizia,35,Production assistant radio,Teramo
Marina,43,Minerals surveyor,Legnano
Federico,56,Contractor,NardÃ²
Annetta,25,Barista,PaternÃ²
Nedda,31,Politician's assistant,Sulmona
Melania,51,Designer graphic,Avola
Roman,48,Management consultant,Monza
Gioele,65,Education officer,Taormina
Antonella,21,Pharmacist,Chieti
Luciana,48,Dentist,Lugo
Damiano,29,Production assistant radio,Rome
Simonetta,26,Lecturer,Torcello
Girolamo,55,Medical sales representative,Massa
Damiano,43,Producer television/film/video,Grottaglie
Coluccio,23,Scientist marine,Crema
Bruno,40,Herbalist,Reggio nellâ€™Emilia
Federica,24,Graphic designer,Bordighera
Eva,48,Engineer aeronautical,Todi
Fabrizio,59,Lecturer,Cesena
Pasqual,64,Minerals surveyor,Feltre
Bruno,41,Science writer,Terracina
Liana,58,Warden,Cerignola
Napoleone,27,Pharmacist,Aquino
Angelina,37,Psychologist clinical,NardÃ²
Sandra,62,Teacher,Alghero
Flavio,45,Therapist sports,Monfalcone
Francesca,64,Dispensing optician,Adrano
Laura,41,Technical sales engineer,Ceglie Messapico
Jolanda,32,Industrial buyer,Acireale
Nina,24,Company secretary,Aquino
Fiorino,21,Exhibition designer,Pomigliano dâ€™Arco
Calcedonio,57,Microbiologist,Cava de Tirreni
Lodovico,30,Librarian,Saluzzo
Arnaldo,37,Exhibition designer,Avellino
Ornella,37,Chemist,Martina Franca
Marcella,53,Minerals surveyor,Macerata
Torquato,25,Herbalist,San Remo
Giustino,41,Artist,MondovÃ¬
Pierangelo,31,Teacher,Como
Giuliana,34,Teacher secondary school,Foligno
Alessia,51,Warden,Benevento
Enzio,41,Production assistant radio,Reggio nellâ€™Emilia
Silvio,27,Education officer,Corato
Antonia,22,Warehouse manager,Foggia
Giulietta,63,Information officer,Cividale del Friuli
Piergiorgio,42,Chiropodist,Cosenza
Nico,29,Psychotherapist,Terni
Antonino,41,Warehouse manager,Aquino
Mercedes,33,Therapist sports,Novi Ligure
Giulia,53,Television production assistant,Isernia
Annetta,52,Merchant navy officer,Aosta
Marcella,45,Market researcher,Cosenza
Vincenzo,19,Warden,Modena
Nico,39,Graphic designer,Aquino
Milena,56,Television camera operator,Sondrio
Virginia,64,Engineer biomedical,Piacenza
Agnolo,26,Merchant navy officer,Busto Arsizio
Luciano,26,Therapist sports,Alghero
Valerio,60,Engineer aeronautical,Fabriano
Rossana,24,Television camera operator,Piedmont
Donato,25,Broadcast presenter,Merano
Antonino,43,Technical sales engineer,Corato
Antonino,58,Psychotherapist,Grosseto
Fabrizio,58,Engineer aeronautical,Cremona
Giosu,41,Neurosurgeon,Belgioioso
Fortunata,39,Haematologist,Adria
Danilo,56,Physiological scientist,Teramo
Giustino,45,Teacher,Liguria
Nico,27,Exhibition designer,Ascoli Piceno
Gioele,28,Designer,Stresa
Licia,39,Theatre director,Sora
Marco,60,Exhibition designer,Messina
Pierangelo,20,Police officer,Cortina dâ€™Ampezzo
Ronaldo,51,Art gallery manager,Chiavari
Gianpietro,29,Network engineer,Latina
Dina,20,Television production assistant,Varallo
Dario,52,Exhibition designer,Sondrio
Ennio,51,Politician's assistant,Marche
Bettina,57,Television production assistant,Alghero
Clelia,21,Catering manager,Padua
Ilaria,56,Art therapist,Voghera
Biagio,38,Veterinary surgeon,Novi Ligure
Imelda,44,Associate Professor,Noto
Ermes,51,Paediatric nurse,Cremona
Berenice,55,Barrister,Volterra
Mariano,38,Exhibition designer,Olbia
Barbara,37,Chiropodist,Bolzano
Pierangelo,60,Market researcher,Vicenza
Alfredo,45,Police officer,Sarno
Iolanda,30,Management consultant,Sorrento
Martino,34,Television camera operator,ForlÃ¬
Nedda,53,Engineer biomedical,Caltanissetta
Loretta,28,Company secretary,Andria
Giacomo,31,Industrial buyer,Viareggio
Paolo,64,Librarian,Gravina in Puglia
Ottone,45,Restaurant manager,Frosinone
Lodovico,41,Chief of Staff,Cento
Benedetto,44,Scientist,Cascina
Baccio,20,Musician,Lanciano
Elvira,38,Writer,Castel Gandolfo
Sandra,26,Banker,Umbria
Simone,32,Television production assistant,Cosenza
Vittoria,48,Producer television/film/video,Fossano
Elvira,32,Company secretary,Cento
Agnolo,30,Information officer,Sarno
Fabrizio,30,Software engineer,Alba
Licia,59,Solicitor,Loreto
Francesco,46,Metallurgist,Alghero
Licia,31,Art gallery manager,Monza
Marcella,35,Trainer,Todi
Temistocle,39,Haematologist,Turin
Veronica,41,Teacher,Forio
Galasso,34,Passenger transport manager,Rieti
Enzio,49,Restaurant manager,Mestre
Rossana,24,Teacher,Augusta
Vanessa,25,Designer,Moncalieri
Marcella,50,Librarian,Chiavari
Donatella,36,Scientist marine,Manfredonia
Luigina,40,Television production assistant,Pavia
Giorgia,27,Software engineer,Pinerolo
Vincenzo,24,Fashion designer,Altamura
Fedele,60,Designer graphic,Ercolano
Livia,62,Industrial buyer,Martina Franca
Sandra,54,Microbiologist,Reggio di Calabria
Alphons,37,Journalist magazine,Jesi
Rosario,21,Journalist magazine,Prato
Monica,19,Automotive engineer,Comiso
Vincenzo,19,Equality and diversity officer,Sorrento
Serafina,41,Librarian,Sessa Aurunca
Riccardo,33,Art gallery manager,Verona
Roman,64,Restaurant manager,Vercelli
Ninetta,27,Barrister,Gaeta
Jolanda,43,Doctor,Tortona
Amleto,45,Psychologist clinical,Amalfi
Monica,24,Psychologist,Arezzo
Greca,61,Technical sales engineer,Imola
Armando,28,Producer television/film/video,Lanciano
Pina,35,Producer,Montecatini Terme
Paola,43,Scientist marine,Bagheria
Marisa,37,Engineer aeronautical,Subiaco
Baldassare,46,Graphic designer,Nuoro
Nedda,23,Chief of Staff,Piombino
Rita,38,Ergonomist,Adrano
Paola,45,Meteorologist,Reggio nellâ€™Emilia
Toni,49,Warden,Taranto
Fredo,32,Multimedia specialist,Palermo
Victoria,30,Police officer,Bisceglie
Adele,46,Automotive engineer,Syracuse
Romina,65,Barrister,Cento
Gioffre,63,Herbalist,Sarzana
Baldassare,23,Exhibition designer,Corleone
Lisa,34,Tour manager,CefalÃ¹
Alessio,39,Software engineer,Anagni
Stefano,53,Data scientist,Tarquinia
Ornella,47,Warehouse manager,Asti
Barbara,28,Pharmacist,Ravenna
Luca,35,Automotive engineer,Martina Franca
Clelia,56,Company secretary,Bassano del Grappa
Eliana,63,Trainer,Termini Imerese
Marcella,40,Scientist marine,Foligno
Cipriano,31,Network engineer,Reggio nellâ€™Emilia
Beatrice,38,Information officer,Lecce
Paride,29,Veterinary surgeon,Fossano
Alessio,44,Producer,Padua
Giada,32,Designer,Civitanova Marche
Goffredo,58,Microbiologist,Fossano
Alderano,29,Automotive engineer,Caserta
Alessio,65,Metallurgist,Olbia
Fedele,57,Herbalist,Latina
Romolo,35,Automotive engineer,Ardea
Edoardo,30,Recycling officer,Venosa
Carmelo,26,Musician,Corato
Erika,34,Textile designer,Verona
Camillo,36,Chemist,Sciacca
Alfredo,26,Barrister,Subiaco
Ugo,62,Graphic designer,Cesena
Martino,65,Engineer biomedical,Verbania
Virgilio,38,Psychotherapist,Basilicata
Arsenio,21,Exhibition designer,Anagni
Atenulf,24,Technical sales engineer,Termini Imerese
Panfilo,62,Television camera operator,Modica
Milo,45,Barista,Fiesole
Livia,20,Producer television/film/video,Manfredonia
Arnaldo,52,Graphic designer,Syracuse
Salvi,35,Event organiser,Pietrasanta
Giacomo,62,Veterinary surgeon,Forio
Gaspare,60,Producer,Cortona
Donato,57,Journalist magazine,Brindisi
Letizia,60,Veterinary surgeon,Centuripe
Erika,43,Environmental manager,Cori
Ermanno,28,Market researcher,Scicli
Amleto,56,Journalist magazine,Cuneo
Elladio,47,Industrial buyer,San Remo
Marisa,45,Musician,Syracuse
Benedetto,56,Engineer technical sales,Olbia
Adelasia,38,CEO,Piombino
Maria,37,Psychologist clinical,Argenta
Arturo,55,Producer television/film/video,Pescia
Adriano,33,Technical sales engineer,Rovereto
Romina,64,Graphic designer,Torre Annunziata
Martino,57,Trainer,Chiavari
Napoleone,38,Theatre director,Caserta
Beatrice,30,Psychologist,Venice
Luigi,41,Ergonomist,Venosa
Fernanda,51,Fashion designer,Genoa
Fortunata,46,Financial controller,Ortona
Damiano,29,Furniture designer,Molfetta
Gionata,25,Engineer biomedical,Palermo
Isabella,25,Recycling officer,San Severo
Gioachino,30,Financial controller,Trapani
Giosu,36,Passenger transport manager,Rome
Giustino,28,Production assistant radio,Rimini
Roman,38,Furniture designer,Lombardy
Tonia,31,Food technologist,Lanciano
Raffaele,54,Banker,Nola
Alfio,40,Television camera operator,Lecce
Damiano,19,Surveyor insurance,Bari
Antonina,40,Merchant navy officer,Nola
Giustino,21,Teacher,Portofino
Gianluigi,23,Equality and diversity officer,Livorno
Azeglio,19,Designer,Assisi
Leone,61,Programmer multimedia,Cosenza
Fausto,65,Software engineer,Canosa di Puglia
Franco,23,Management consultant,Fondi
Ronaldo,36,Metallurgist,Valle dâ€™Aosta
Arsenio,37,Merchant navy officer,Carloforte
Vittoria,47,Television production assistant,Reggio nellâ€™Emilia
Dino,60,Education officer,Milazzo
Fabio,60,Environmental manager,Cortina dâ€™Ampezzo
Berenice,58,Restaurant manager,Foligno
Stefani,60,Producer,Ariano Irpino
Gino,44,Multimedia specialist,Anzio
Rosa,47,Education officer,Trani
Flavio,33,Lecturer,Viareggio
Vincentio,53,Paediatric nurse,Naples
Vittoria,40,Surveyor insurance,Todi
Romina,30,Solicitor,Molfetta
Agostino,19,Market researcher,Pistoia
Ramona,42,Doctor,Valle dâ€™Aosta
Fulvio,37,Art gallery manager,Alghero
Marcella,22,Dentist,Friuliâ€“Venezia Giulia
Antonia,65,Physiological scientist,Naples
Galasso,26,Producer,Piacenza
Gianna,41,Public house manager,Rovereto
Stella,44,Producer,Merano
Angelica,57,Software engineer,Rovereto
Pasqual,40,Surveyor insurance,Frosinone
Alessio,48,Paediatric nurse,Licata
Letizia,55,Librarian,Alghero
Ruggiero,47,CEO,Bobbio
Atenulf,35,Management consultant,Sessa Aurunca
Eva,48,Musician,Varese
Mariano,48,Microbiologist,Palermo
Amleto,29,Multimedia specialist,Reggio nellâ€™Emilia
Victoria,38,Artist,Termini Imerese
Susanna,26,Art gallery manager,CantÃ¹
Serafina,31,Television production assistant,Alghero
Simonetta,55,Psychologist clinical,Tarquinia
Giulio,65,Software engineer,Jesi
Angelina,33,Veterinary surgeon,Bitonto
Paola,44,Public house manager,Piazza Armerina
Manuel,46,Scientist marine,Chianciano Terme
Serafina,63,Graphic designer,Corato
Martino,57,Automotive engineer,Piazza Armerina
Osvaldo,31,Veterinary surgeon,Stresa
Mariano,33,Network engineer,Grosseto
Enrico,36,Financial controller,Noto
Fabio,46,Graphic designer,Portici
Romeo,61,Exhibition designer,Emilia-Romagna
Carlo,25,Contractor,NardÃ²
Tullio,61,Education officer,Vibo Valentia
Licia,58,Market researcher,Monte Santâ€™Angelo
Orazio,54,Engineer biomedical,Aosta
Danilo,37,Trainer,Rapallo
Vittorio,44,Records manager,Capua
Melissa,42,Information officer,Cividale del Friuli
Massimiliano,52,Scientist research,Legnano
Pasquale,62,Producer,Aquileia
Cecilia,21,Pharmacist,Desio
Tiziano,36,Merchant navy officer,Rapallo
Amleto,41,Journalist magazine,Erice
Letizia,39,Automotive engineer,Gaeta
Loretta,32,Teacher secondary school,Messina
Silvestro,34,Broadcast presenter,Bordighera
Atenulf,20,Medical sales representative,San Giovanni Rotondo
Angelo,26,Public house manager,Latina
Carla,25,Chief of Staff,Nuoro
Vincenza,25,Lecturer,Voghera
Claudio,32,Merchant navy officer,Belgioioso
Lauretta,64,Information officer,Milazzo
Liberto,32,Contractor,Emilia-Romagna
Uberto,40,Therapist sports,Palermo
Marcella,45,Ergonomist,Calabria
Lolita,44,Television production assistant,Jesi
Damiano,19,Teacher secondary school,Teramo
Angelina,63,Producer television/film/video,Argenta
Danilo,56,Artist,Molfetta
Donatella,24,Network engineer,Padua
Ornella,36,Software engineer,Cagliari
Raffaele,20,Data scientist,Venosa
Imelda,28,Associate Professor,Marche
Raffaele,40,Merchant navy officer,Merano
Romana,50,Multimedia specialist,Mestre
Paride,60,Furniture designer,San Remo
Gaetano,22,Scientist marine,Corleone
Vittoria,22,Chemist,Sarzana
Gloria,37,Restaurant manager,Messina
Giacomo,29,Banker,Sarno
Costanzo,21,Dentist,Senigallia
Beppe,37,Furniture designer,Veneto
Gioele,25,Counsellor,Cori
Arturo,42,Scientist research,Erice
Fiamma,32,Tour manager,Taormina
Rolando,41,Chemist,Busto Arsizio
Alfredo,38,Therapist sports,Adria
Fiamma,52,Exhibition designer,Sulmona
Carolina,40,Psychotherapist,CantÃ¹
Elvira,19,Management consultant,Bolsena
Rossana,57,Psychologist clinical,Perugia
Irma,33,Tour manager,Augusta
Biagio,51,Scientist,Messina
Mirco,56,Financial controller,Conegliano
Baccio,36,Paediatric nurse,Jesi
Livia,61,Market researcher,Brescia
Etta,64,Teacher,Cortina dâ€™Ampezzo
Cecilia,58,Technical sales engineer,MondovÃ¬
Calcedonio,24,Exhibition designer,Scicli
Aria,60,Microbiologist,Rivoli
Arturo,22,Teacher secondary school,ForlÃ¬
Clelia,21,Restaurant manager,Bordighera
Salvatore,26,Data scientist,Cassino
Rosa,34,Scientist marine,Formia
Giada,61,Psychologist,Vercelli
Aldo,62,Psychologist,Urbino
Vittorio,49,Exhibition designer,Vittoria
Adelmo,28,Politician's assistant,Campobasso
Salvatore,31,Information officer,Avola
Gioachino,38,Food technologist,Taormina
Ermes,32,Restaurant manager,Crotone
Gabriella,30,Market researcher,Bressanone
Rosina,32,Chief of Staff,Bisceglie
Fabrizia,31,Engineer biomedical,Novara
Gioffre,59,Scientist research,Sicily
Michele,49,Technical sales engineer,Verona
Beatrice,37,Chief of Staff,Castellammare di Stabia
Lidia,56,CEO,Bergamo
Carlo,51,Meteorologist,Porto Torres
Martino,28,Producer television/film/video,Guastalla
Marcantonio,32,Passenger transport manager,Chiavari
Pierluigi,63,Exhibition designer,Agrigento
Galasso,31,Graphic designer,San Giovanni Rotondo
Calcedonio,34,Network engineer,Guastalla
Beatrice,20,Psychotherapist,Genoa
Ignazio,44,Software engineer,Latina
Napoleone,38,Ergonomist,Caserta
Cassandra,26,Broadcast presenter,Comiso
Nico,31,Science writer,Termini Imerese
Michele,34,Restaurant manager,Este
Virginia,29,Teacher,Latina
Telemaco,58,Pharmacist,Portici
Pierluigi,31,Software engineer,San Giovanni Rotondo
Fortunata,46,Textile designer,Carpi
Napoleone,39,Musician,Alcamo
Ugo,54,Science writer,Porto Torres
Rossana,40,Writer,Arezzo
Dario,49,Teacher secondary school,Alcamo
Griselda,41,Barrister,Calabria
Alessio,27,Politician's assistant,Voghera
Anita,56,Scientist marine,Brindisi
Marissa,50,Technical sales engineer,Foligno
Marissa,19,Minerals surveyor,Aquileia
Nadia,27,Teacher secondary school,Cividale del Friuli
Simonetta,33,Ergonomist,Cento
Paride,37,Therapist sports,Bologna
Eleanora,22,Medical sales representative,Bobbio
Rosina,38,Chief of Staff,Molise
Donna,25,Scientist,Sora
Fabia,21,Writer,Carpi
Lazzaro,54,Associate Professor,Martina Franca
Gabriele,44,CEO,Capannori
Berenice,54,Solicitor,Monza
Carolina,56,Psychologist clinical,Emilia-Romagna
Baldassare,22,Food technologist,Enna
Etta,22,Journalist magazine,Monza
Nicoletta,21,Psychologist clinical,Genoa
Marisa,65,Merchant navy officer,Matera
Carolina,27,Librarian,Marche
Valentina,49,Public house manager,Marino
Giacomo,63,Teacher secondary school,Ardea
Bruno,19,Programmer multimedia,Rivoli
Angelo,26,Surveyor insurance,Desio
Ugo,32,Teacher,Ravenna
Paoletta,46,Dentist,Augusta
Franco,60,Psychologist clinical,Brindisi
Giuliana,46,Haematologist,Bagheria
Vanessa,63,Television camera operator,Fondi
Antonina,48,Scientist,Manfredonia
Elmo,54,Designer,Anzio
Diana,63,Trainer,NardÃ²
Dina,43,Pharmacist,Gubbio
Vittorio,38,CEO,Vittoria
Susanna,47,Tour manager,Busto Arsizio
Ermenegildo,24,Records manager,Friuliâ€“Venezia Giulia
Ninetta,22,Engineer biomedical,Biella
Salvatore,60,Environmental manager,Terni
Graziano,54,Veterinary surgeon,Trieste
Adriana,59,Barista,Empoli
Cipriano,48,Microbiologist,Bagheria
Flavia,49,Fashion designer,Bitonto
Irma,48,Pharmacist,Trieste
Severino,36,Chemist,Bolzano
Liberto,44,Librarian,Molfetta
Dina,24,Barista,Isernia
Lando,54,Engineer technical sales,Anagni
Vito,29,Psychologist clinical,Varese
Graziano,56,Psychotherapist,Como
Nanni,48,Dentist,Rimini
Griselda,61,Software engineer,Cividale del Friuli
Nanni,26,Industrial buyer,Sardinia
Tatiana,38,Network engineer,Spoleto
Elmo,33,Environmental manager,Acireale
Adamo,22,Herbalist,Burano
Francesco,61,Theatre director,Rimini
Liana,20,Banker,Capua
Dolores,40,Restaurant manager,Ancona
Leone,27,Production assistant radio,San Remo
Amalia,64,Chief of Staff,Massa
Aldo,49,Production assistant radio,Burano
Arnulfo,26,Graphic designer,Molfetta
Maurizio,48,Multimedia specialist,Aquila
Romina,38,Industrial buyer,Bari
Alderano,29,Scientist,Gorgonzola
Manuel,22,Passenger transport manager,Bassano del Grappa
Lodovico,35,Management consultant,Bisceglie
Gloria,65,Librarian,Umbria
Gastone,43,Teacher,Canosa di Puglia
Licia,40,Data scientist,Ravenna
Ludovico,63,Catering manager,Ravenna
Martina,24,Producer television/film/video,Civitanova Marche
Giacobbe,47,Ergonomist,Ascoli Piceno
Sergius,40,Haematologist,Vittorio Veneto
Stefano,63,Trainer,Valle dâ€™Aosta
Ruggero,53,Software engineer,Melfi
Annamaria,30,Science writer,Erice
Giulietta,34,Musician,Siena
Lolita,33,Exhibition designer,Argenta
Annalisa,41,Medical sales representative,Prato
Salvatore,64,Education officer,Venice
Jolanda,44,Software engineer,Molise
Riccardo,50,Police officer,ForlÃ¬
Nina,56,Multimedia specialist,San Giuliano Terme
Luigina,62,Engineer biomedical,Cori
Piergiorgio,61,Banker,Varese
Agostino,51,Production assistant radio,Grosseto
Letizia,61,Art therapist,Iglesias
Nicola,45,Psychotherapist,Arezzo
Orlando,24,Engineer technical sales,Busto Arsizio
Graziano,49,Dentist,Cesena
Eliana,26,Tour manager,Monfalcone
Luigi,46,Ergonomist,Ragusa
Franco,24,Ergonomist,Trento
Fiorino,23,Company secretary,Castel Gandolfo
Ermes,58,Theatre director,Massa
Raffaella,53,Art therapist,Este
Leone,36,Records manager,Rovigo
Graziano,41,Financial controller,Carloforte
Berenice,30,Barrister,Gravina in Puglia
Gioele,55,Dispensing optician,Vibo Valentia
Fredo,21,Journalist magazine,Formia
Vittorio,62,Teacher,Livorno
Veronica,30,Contractor,Enna
Milo,63,Producer television/film/video,ForlÃ¬
Angelina,60,Contractor,Latina
Fabio,22,Catering manager,Syracuse
Lucia,52,Recycling officer,Civita Castellana
Aria,31,Information officer,Mirandola
Gianpietro,27,Company secretary,CittÃ  di Castello
Giulietta,25,Designer,Emilia-Romagna
Paolo,40,Metallurgist,Loreto
Dino,63,Data scientist,Marino
Lidia,63,Environmental manager,Portogruaro
Gloria,29,Psychotherapist,Reggio nellâ€™Emilia
Martino,34,Market researcher,Carrara
Paola,21,Warden,Carloforte
Ernesto,38,Education officer,Trento
Sergius,42,Designer graphic,Aquino
Raffaella,28,Television camera operator,Varese
Etta,51,Haematologist,Lombardy
Arnulfo,24,Herbalist,Cascina
Pasquale,20,Technical sales engineer,Teramo
Pasqual,31,Multimedia specialist,Gorizia
Vito,47,Banker,Vicenza
Coluccio,26,Banker,Pisa
Piero,50,Ergonomist,San Giovanni Rotondo
Ugo,50,Engineer aeronautical,Aquila
Valerio,52,Physiological scientist,Bressanone
Griselda,25,Associate Professor,Argenta
Raffaele,34,Neurosurgeon,Otranto
Ruggiero,38,Software engineer,Bergamo
Graziano,47,Veterinary surgeon,Pesaro
Cecilia,50,Solicitor,Erice
Luisa,41,Broadcast presenter,Campobasso
Jacopo,25,Producer television/film/video,Olbia
Silvestro,51,Designer graphic,Aosta
Sandra,44,Teacher secondary school,Cortina dâ€™Ampezzo
Marco,32,Politician's assistant,Montecatini Terme
Beppe,62,Contractor,Lazio
Paloma,37,Environmental manager,Latina
Piermaria,54,Psychologist clinical,Lazio
Eliana,62,Microbiologist,Benevento
Rosina,41,Warden,Imperia
Arsenio,53,Politician's assistant,Basilicata
Flavio,37,Solicitor,Alghero
Germana,21,Minerals surveyor,Comiso
Paloma,65,Scientist,Milan
Gioacchino,36,Solicitor,Emilia-Romagna
Guarino,65,Ergonomist,Fermo
Damiano,31,Exhibition designer,Udine
Erika,41,Scientist,Venosa
Salvatore,26,Haematologist,Viareggio
Giada,34,Fashion designer,Bagheria
Virgilio,21,Scientist research,Bronte
Manuel,32,Warden,Modena
Milo,61,Food technologist,Varese
Piergiuseppe,55,Scientist research,Fossano
Arturo,51,Art therapist,Lanciano
Rosalia,35,Equality and diversity officer,Chioggia
Nico,38,Scientist marine,Cesena
Lando,23,Medical sales representative,Centuripe
Alessandro,23,Fashion designer,Cassino
Eliana,39,Automotive engineer,Genoa
Giorgia,24,Exhibition designer,Sondrio
Arsenio,40,Television production assistant,Rovereto
Armando,41,Neurosurgeon,Aquila
Antonia,52,Haematologist,Rieti
Gianluigi,20,CEO,Bologna
Annunziata,40,Designer graphic,Carrara
Zaira,42,Market researcher,Livorno
Ferdinando,26,Scientist marine,Portici
Ermanno,53,Associate Professor,Fabriano
Pietro,22,Production assistant radio,Genoa
Renzo,51,Recycling officer,Varese
Angelo,24,Psychologist clinical,Loreto
Lolita,35,Restaurant manager,Cerignola
Stella,54,Teacher secondary school,Corato
Maurilio,60,Dentist,Sicily
Ida,37,Contractor,Bronte
Iolanda,28,Doctor,Bronte
Vito,56,Company secretary,Mantua
Ansaldo,57,Banker,Arezzo
Tatiana,58,Designer graphic,Trento
Bruno,51,Medical sales representative,Spoleto
Telemaco,40,Technical sales engineer,Fiesole
Rembrandt,19,Psychotherapist,Pavia
Berenice,60,Pharmacist,Novara
Nedda,37,Doctor,Salerno
Piersanti,52,Designer graphic,Piombino
Barbara,51,Haematologist,Faenza
Ermenegildo,50,Exhibition designer,Aosta
Rolando,30,Therapist sports,Teramo
Lolita,47,Television production assistant,Rome
Fabrizia,54,Warden,Senigallia
Sandro,54,Chief of Staff,San Gimignano
Agostino,40,Surveyor insurance,Tortona
Angelo,60,Artist,Conegliano
Sonia,28,Science writer,Ascoli Piceno
Graziano,31,Broadcast presenter,Sesto San Giovanni
Luisa,23,Medical sales representative,Asti
Dino,60,Ergonomist,Avezzano
Benedetto,31,Company secretary,Verona
Fabio,45,Psychologist clinical,Ascoli Piceno
Coluccio,29,Network engineer,Lugo
Gianpietro,59,Barista,Teramo
Renzo,55,Fashion designer,Pozzuoli
Giulia,20,Television production assistant,Castelvetrano
Gioele,35,Barrister,Syracuse
Ennio,40,Art gallery manager,Tortona
Liana,56,Television production assistant,Novara
Lando,47,Engineer technical sales,Torcello
Livio,57,Producer,Erice
Rosina,51,Furniture designer,Bressanone
Coriolano,34,Producer television/film/video,Trento
Salvi,64,Production assistant radio,Vasto
Graziano,37,Textile designer,Voghera
Michelotto,37,Ergonomist,Verbania
Lilla,58,Broadcast presenter,Forio
Vittoria,41,Pharmacist,Termini Imerese
Ermes,36,Psychologist,Aquino
Salvatore,41,Management consultant,Amalfi
Nadia,61,Recycling officer,ForlÃ¬
Coluccio,35,Industrial buyer,Torcello
Allegra,53,Event organiser,Como
Domenico,60,Scientist,Terni
Cecilia,42,Physiological scientist,Eboli
Arnulfo,47,Chief of Staff,Civitanova Marche
Lisa,44,Haematologist,Burano
Ermanno,24,Scientist research,Spoleto
Melina,37,Programmer multimedia,Bari
Martino,52,Journalist magazine,Bolzano
Lazzaro,36,Recycling officer,Ferentino
Silvestro,19,Financial controller,Mazara del Vallo
Carlo,32,Catering manager,Sesto San Giovanni
Licia,65,Management consultant,Carpi
Laureano,31,Food technologist,Gravina in Puglia
Antonella,56,Technical sales engineer,Brescia
Lucia,23,Scientist research,Frosinone
Mattia,24,Production assistant radio,Naples
Valentina,39,Education officer,Prato
Veronica,32,Exhibition designer,Aosta
Giorgia,25,Lecturer,Sarno
Antonia,45,Associate Professor,Capannori
Letizia,44,Passenger transport manager,Reggio nellâ€™Emilia
Martino,19,Recycling officer,Tuscania
Armando,62,Designer,Taranto
Elmo,58,Lecturer,Empoli
Griselda,63,Environmental manager,Sardinia
Martino,47,Associate Professor,Siena
Raffaella,48,Tour manager,Pesaro
Silvestro,27,Theatre director,Ferentino
Carmelo,19,Restaurant manager,Bergamo
Arnulfo,60,Barista,Bolzano
Dina,35,Food technologist,Cascina
Melina,47,Graphic designer,Gravina in Puglia
Anita,26,Network engineer,Tuscany
Guglielmo,57,Furniture designer,Liguria
Ermanno,49,Dentist,Vallombrosa
Damiano,43,Herbalist,Voghera
Nicoletta,25,Science writer,Ortona
Viridiana,50,Automotive engineer,Trapani
Romolo,24,Musician,Terni
Aldo,35,Journalist magazine,Rovereto
Evangelista,56,Industrial buyer,Fidenza
Donatella,56,Recycling officer,Manduria
Antonino,50,Artist,Pistoia
Tullio,26,Designer,Molfetta
Gioele,34,Passenger transport manager,Frosinone
Amico,39,Event organiser,Messina
Adelasia,39,Writer,Bolzano
Rosario,59,Producer television/film/video,Orvieto
Gaspare,56,Programmer multimedia,Taranto
Agostino,55,Surveyor insurance,Enna
Severino,23,Scientist marine,Senigallia
Gionata,64,CEO,Assisi
Concetta,65,Production assistant radio,Guastalla
Gabriele,28,Banker,Novara
Caterina,25,Merchant navy officer,Piedmont
Arturo,50,Journalist magazine,Castelvetrano
Laureano,31,Production assistant radio,Liguria
Stefano,52,Television production assistant,Treviso
Franco,52,Equality and diversity officer,Reggio di Calabria
Martino,34,Company secretary,Avellino
Martino,24,Meteorologist,Sciacca
Franco,44,Police officer,Monfalcone
Adele,42,Therapist sports,Pinerolo
Tiziano,48,Financial controller,Peschiera del Garda
Rossana,36,Psychotherapist,Canosa di Puglia
Giulia,22,Producer,Formia
Martina,20,Counsellor,San Gimignano
Rosina,46,Journalist magazine,Cento
Federico,54,Management consultant,Gaeta
Ruggiero,58,Public house manager,San Severo
Olga,46,Psychologist clinical,Mantua
Giosu,20,Restaurant manager,Livorno
Diana,63,Haematologist,Massa
Irma,56,Psychotherapist,Aquino
Sole,31,Scientist research,Pisa
Loretta,35,Scientist marine,Torcello
Martina,25,Television camera operator,Busto Arsizio
Nina,28,Pharmacist,Tuscania
Amleto,28,Management consultant,Burano
Tiziana,41,Associate Professor,Isernia
Tiziana,51,Management consultant,Olbia
Silvestro,27,Science writer,Nuoro
Claudia,27,Company secretary,Benevento
Valentina,43,Associate Professor,Nola
Mercedes,54,Environmental manager,Piacenza
Gianfranco,23,Programmer multimedia,Livorno
Claudia,33,Dispensing optician,Molfetta
Enzio,56,Records manager,Pescia
Baldassare,38,Information officer,Naples
Damiano,31,Environmental manager,Favara
Laureano,65,Veterinary surgeon,Gravina in Puglia
Fedele,57,Journalist magazine,CantÃ¹
Alfio,26,Warden,Jesi
Martino,56,Teacher secondary school,Lodi
Rosina,43,Doctor,Manfredonia
Leone,52,Public house manager,Avezzano
Pierluigi,45,Producer,Senigallia
Serena,22,Event organiser,Capua
Paloma,41,Meteorologist,Altamura
Ermes,46,Haematologist,Cento
Livia,49,Automotive engineer,Tuscany
Eliana,28,Education officer,Rimini
Gianfranco,22,Food technologist,Arpino
Liana,19,Fashion designer,Vallombrosa
Camillo,32,Production assistant radio,Prato
Costantino,55,Police officer,Vittoria
Etta,40,Meteorologist,Subiaco
Benito,49,Restaurant manager,Alcamo
Barbara,38,Graphic designer,Gorizia
Adele,41,Neurosurgeon,Aquileia
Daria,23,Programmer multimedia,Terracina
Mercedes,36,Equality and diversity officer,Venosa
Fabio,33,Lecturer,Salerno
Jacopo,21,Metallurgist,Rapallo
Ernesto,28,Chemist,Florence
Maura,64,Medical sales representative,Reggio di Calabria
Puccio,31,Furniture designer,Senigallia
Giacomo,50,Restaurant manager,Legnano
Ludovico,43,Catering manager,Ferentino
Fernanda,38,Fashion designer,Castelfranco Veneto
Roman,43,Dispensing optician,Aosta
Piersanti,35,Teacher,Ventimiglia
Nicola,59,Psychologist,CittÃ  di Castello
Giacomo,61,Market researcher,Rapallo
Stella,35,Musician,Assisi
Gaspare,44,Associate Professor,Calabria
Antonina,36,Equality and diversity officer,Trento
Romeo,21,Lecturer,Desio
Francesco,61,Textile designer,Vercelli
Ninetta,49,Solicitor,Legnano
Rosaria,65,Teacher secondary school,Cento
Marisa,39,Paediatric nurse,Taormina
Caterina,40,Passenger transport manager,Iglesias
Baccio,44,Exhibition designer,Narni
Stefani,24,Chief of Staff,Vasto
Martino,32,Engineer biomedical,Montecatini Terme
Damiano,52,CEO,Ascoli Piceno
Eugenia,63,Software engineer,Sulmona
Raffaella,34,Producer television/film/video,Spoleto
Francesca,26,Counsellor,Fabriano
Benedetto,41,Exhibition designer,Umbria
Laura,50,Exhibition designer,Frascati
Paloma,50,Furniture designer,Marino
Alphons,23,Management consultant,Stresa
Federica,44,Network engineer,Todi
Pasqual,46,Artist,Umbria
Graziano,36,Exhibition designer,Cagliari
Galasso,63,Software engineer,Avellino
Viridiana,34,Warden,Pavia
Aria,57,Technical sales engineer,Bressanone
Rocco,26,Event organiser,Magenta
Marcella,64,Industrial buyer,Sciacca
Eliana,41,Science writer,Bisceglie
Donatello,26,Passenger transport manager,Alghero
Piermaria,30,Recycling officer,Aquino
Adelasia,24,Psychologist clinical,Loreto
Danilo,36,Dispensing optician,Civita Castellana
Elisa,40,Education officer,Lecce
Salvatore,40,Neurosurgeon,Bordighera
Fabio,54,Tour manager,Pietrasanta
Durante,23,Teacher,Friuliâ€“Venezia Giulia
Stefani,23,Software engineer,Peschiera del Garda
Ansaldo,24,Minerals surveyor,Frascati
Melina,63,Education officer,Sorrento
Giovanni,47,Technical sales engineer,Carrara
Stefano,37,Graphic designer,Belluno
Costanzo,47,Producer,Scicli
Marcella,63,Event organiser,PaternÃ²
Lodovico,53,Barrister,Varese
Greca,42,Microbiologist,Burano
Stefani,60,Management consultant,Campobasso
Lucia,54,Metallurgist,Gorizia
Uberto,43,Meteorologist,Lucca
Lisa,51,Art gallery manager,Fano
Fiorino,61,Software engineer,Tortona
Angelo,26,Chiropodist,Gubbio
Giustino,33,Chief of Staff,Stresa
Francesco,42,Textile designer,Piombino
Cecilia,45,Politician's assistant,Civita Castellana
Barbara,45,Scientist,Ferentino
Gaetano,23,Producer,Treviso
Massimiliano,63,Therapist sports,Legnano
Dolores,33,Veterinary surgeon,NardÃ²
Berenice,22,Musician,Ragusa
Vincenzo,46,Company secretary,Pescara
Armando,56,Financial controller,Adrano
Aria,57,Psychotherapist,Tortona
Martino,53,Banker,Casale Monferrato
Ronaldo,33,Trainer,Anagni
Gelsomina,39,Textile designer,Alghero
Nicola,46,Catering manager,Noto
Manuel,34,Politician's assistant,Aquila
Olga,54,Restaurant manager,Pesaro
Martino,52,Education officer,Padua
Leone,63,Paediatric nurse,Erice
Fortunata,54,Surveyor insurance,Centuripe
Romana,29,Information officer,Carrara
Gianpietro,36,Lecturer,Liguria
Imelda,60,Dentist,Livorno
Atenulf,32,Programmer multimedia,Sessa Aurunca
Armando,31,Television camera operator,Lanciano
Berenice,42,Doctor,Syracuse
Severino,53,Television camera operator,Ivrea
Alessia,56,Textile designer,PaternÃ²
Rita,52,Company secretary,Fossano
Vincenzo,26,Industrial buyer,Carloforte
Ignazio,43,Furniture designer,San Giuliano Terme
Nanni,38,Teacher,Cerignola
Amadeo,37,Passenger transport manager,NardÃ²
Coriolano,34,Records manager,Mazara del Vallo
Flavio,41,Engineer aeronautical,Potenza
Enzio,39,Engineer technical sales,Viareggio
Clelia,31,Science writer,Pisa
Guglielmo,25,Management consultant,Siena
Beatrice,60,Librarian,Este
Marissa,63,Automotive engineer,Imperia
Federico,58,Metallurgist,Iglesias
Roman,54,Counsellor,Teramo
Fabio,56,Dispensing optician,Sarno
Dolores,60,Engineer technical sales,Bari
Giulietta,20,Psychologist clinical,Civita Castellana
Amleto,33,Science writer,Feltre
Salvatore,23,Associate Professor,Marsala
Pasqual,20,Television camera operator,Modena
Letizia,30,Exhibition designer,Desio
Pina,43,Education officer,Corato
Vito,46,Scientist research,Mantua
Torquato,38,Journalist magazine,Lucca
Fabia,57,Warehouse manager,Bisceglie
Gioele,45,Merchant navy officer,Saluzzo
Antonia,43,Restaurant manager,Matera
Flavio,41,Engineer aeronautical,Verona
Rolando,44,Recycling officer,Aquila
Antonina,53,Science writer,Amalfi
Pina,46,Designer graphic,Avola
Vanessa,33,Metallurgist,Matera
Cecilia,35,Librarian,Desio
Fortunata,51,Production assistant radio,Cesena
Veronica,52,Designer graphic,Torre del Greco
Dario,59,Tour manager,San Severo
Romana,20,Scientist research,Terni
Agnolo,47,Market researcher,Lugo
Antonella,37,Scientist research,Venice
Nadia,38,Passenger transport manager,Melfi
Pasqual,52,Police officer,La Spezia
Cecilia,24,Psychotherapist,Bordighera
Bettina,21,Librarian,Ravenna
Ricciotti,33,Food technologist,Foggia
Giuliana,23,Medical sales representative,Adrano
Gioele,59,Art therapist,Adria
Elena,52,Tour manager,Ferentino
Giustino,51,Television production assistant,Volterra
Matteo,40,Technical sales engineer,Potenza
Martino,48,Catering manager,Porto Torres
Amadeo,62,Metallurgist,Olbia
Salvi,64,Passenger transport manager,Venice
Loretta,32,Psychotherapist,Otranto
Gioele,22,Warden,Chianciano Terme
Laureano,53,Public house manager,Palazzolo Acreide
Alderano,63,Pharmacist,Portogruaro
Annetta,45,Solicitor,Chioggia
Virginia,36,Psychologist clinical,Florence
Sandro,54,Recycling officer,Comiso
Ermes,53,Warehouse manager,Verona
Mirco,59,Chief of Staff,Aosta
Amalia,41,Automotive engineer,Casale Monferrato
Donna,45,Warden,Cascina
Guarino,39,Writer,Ceglie Messapico
Adelasia,53,Automotive engineer,Grottaglie
Riccardo,53,Industrial buyer,Molise
Ida,44,Scientist research,Civitavecchia
Lando,23,Metallurgist,PaternÃ²
Maria,61,Chemist,Aquino
Fortunata,59,Multimedia specialist,Peschiera del Garda
Margherita,44,Public house manager,Salerno
Martino,45,Librarian,Pozzuoli
Simone,31,Production assistant radio,Faenza
Monica,60,Metallurgist,Assisi
Osvaldo,45,Programmer multimedia,Modica
Gianpietro,55,Scientist,Carrara
Gabriele,28,Producer television/film/video,Pisa
Pierluigi,19,Management consultant,Ardea
Lazzaro,42,Scientist marine,Bisceglie
Damiano,27,Paediatric nurse,Catanzaro
Paola,35,Scientist research,Catania
Milena,53,Theatre director,Mazara del Vallo
Atenulf,59,Technical sales engineer,Amalfi
Alberico,51,Management consultant,Fondi
Danilo,43,Automotive engineer,Reggio nellâ€™Emilia
Arnaldo,21,Tour manager,Milazzo
Paola,60,Banker,Piedmont
Sabatino,61,Management consultant,Treviso
Carlo,21,Neurosurgeon,Macerata
Raimondo,26,Restaurant manager,Tortona
Enzo,19,Financial controller,Lecce
Flavia,51,Records manager,Olbia
Durante,56,Chemist,Anzio
Monica,38,Production assistant radio,Martina Franca
Matilda,21,Television production assistant,Conegliano
Rosa,24,Art therapist,La Spezia
Marissa,42,Warehouse manager,Arezzo
Angelo,23,Artist,Chioggia
Virginia,56,Fashion designer,Lombardy
Laureano,40,Trainer,Licata
Vittoria,51,Contractor,Narni
Fabrizio,25,Art therapist,Belluno
Lisa,48,Trainer,Mirandola
Rosalia,60,Furniture designer,Fano
Eugenia,49,Company secretary,Capannori
Bartolomeo,64,Chief of Staff,Alatri
Orlando,58,Restaurant manager,Sessa Aurunca
Agnolo,48,Banker,Bobbio
Baccio,59,Restaurant manager,Sorrento
Ramona,43,Surveyor insurance,Cesena
Romolo,21,Industrial buyer,Massa
Rolando,34,Microbiologist,Cascina
Michelotto,53,Television camera operator,Pesaro
Arnaldo,41,Network engineer,CantÃ¹
Sandra,32,Lecturer,Piombino
Dario,42,Graphic designer,Tivoli
Francesco,19,Fashion designer,Friuliâ€“Venezia Giulia
Pierangelo,62,Event organiser,Castelfranco Veneto
Coluccio,62,Exhibition designer,Centuripe
Lodovico,28,Information officer,Vigevano
Paoletta,51,Merchant navy officer,Carpi
Alessio,60,Recycling officer,Milazzo
Stefano,48,Industrial buyer,Rovigo
Luigina,21,Management consultant,Corato
Claudia,61,Scientist research,Imola
Giada,63,Politician's assistant,Cuneo
Fabrizia,60,Therapist sports,Fidenza
Elladio,22,Restaurant manager,Narni
Pina,57,Journalist magazine,Atri
Silvestro,20,Paediatric nurse,Cava de Tirreni
Vanessa,24,Art gallery manager,Ivrea
Lidia,54,Television camera operator,Valle dâ€™Aosta
Antonino,29,Engineer technical sales,Canosa di Puglia
Maura,27,Dentist,Matera
Erika,59,Engineer biomedical,Venice
Telemaco,61,Politician's assistant,ForlÃ¬
Sandro,22,Production assistant radio,Vigevano
Ornella,41,Broadcast presenter,Piazza Armerina
Amleto,35,Data scientist,Lombardy
Agostino,30,Pharmacist,Sesto San Giovanni
Victoria,28,Ergonomist,Venice
Napoleone,37,Counsellor,Castelfranco Veneto
Gioele,45,Technical sales engineer,Augusta
Lucia,26,Producer television/film/video,Este
Arnaldo,57,Producer,Rivoli
Fulvio,47,Police officer,Treviso
Tatiana,42,Chiropodist,Crotone
Marcella,48,Engineer technical sales,Augusta
Beppe,59,Producer,Peschiera del Garda
Lucio,48,Art gallery manager,Torre del Greco
Arsenio,54,Food technologist,Iglesias
Ugo,62,Journalist magazine,San Severo
Romina,58,Warehouse manager,Sardinia
Franco,58,Trainer,San Severo
Nina,57,Automotive engineer,Erice
Fabia,53,Minerals surveyor,MondovÃ¬
Gioele,50,Graphic designer,Todi
Margherita,32,Producer television/film/video,Bolsena
Mario,55,Multimedia specialist,Piazza Armerina
Eugenia,52,Medical sales representative,Cosenza
Biagio,34,Recycling officer,Acireale
Flavia,58,Herbalist,Emilia-Romagna
Ivan,24,Science writer,Novi Ligure
Giuliano,35,Doctor,Ivrea
Marisa,57,Metallurgist,Varallo
Carlo,35,Recycling officer,Corleone
Durante,24,Barista,Imola
Martino,64,Physiological scientist,Viterbo
Carlo,20,Warehouse manager,Macerata
Calogero,57,Musician,Portogruaro
Livia,34,Automotive engineer,Civita Castellana
Griselda,26,Counsellor,Porto Torres
Coluccio,47,Engineer biomedical,Abruzzi
Lucio,23,Medical sales representative,Ardea
Ilaria,57,Environmental manager,Legnano
Liliana,37,Psychologist,Loreto
Germana,51,Veterinary surgeon,Monreale
Silvio,64,Haematologist,Todi
Bruno,28,Librarian,Cremona
Laura,35,Network engineer,Caserta
Giuliana,47,Teacher secondary school,Crotone
Lucio,19,Graphic designer,Enna
Matteo,51,Neurosurgeon,La Spezia
Luciano,38,Management consultant,Spoleto
Fernanda,54,Software engineer,Frascati
Piero,34,Records manager,Crotone
Liberto,63,Journalist magazine,Nocera Inferiore
Riccardo,26,Microbiologist,Otranto
Melina,51,Financial controller,Centuripe
Letizia,35,Warden,Moncalieri
Graziella,51,Equality and diversity officer,Civitanova Marche
Jolanda,21,Restaurant manager,Belgioioso
Nico,47,Textile designer,Viareggio
Guarino,29,Chemist,Basilicata
Rosina,37,Exhibition designer,Matera
Donna,59,Art therapist,Trieste
Margherita,39,Software engineer,Legnano
Liliana,25,Engineer biomedical,Lazio
Luchino,23,Automotive engineer,Sessa Aurunca
Mauro,51,Psychotherapist,Arezzo
Vincenza,53,Company secretary,Bassano del Grappa
Romeo,44,Science writer,Lugo
Livia,32,Graphic designer,Andria
Rolando,59,Dentist,Olbia
Donatello,27,Contractor,Lodi
Livio,59,Lecturer,Teramo
Claudia,28,Event organiser,Emilia-Romagna
Ermanno,23,Producer television/film/video,Urbino
Etta,29,Chemist,Brescia
Francesca,59,Teacher,Fabriano
Micheletto,33,Records manager,Terni
Pina,48,Politician's assistant,Castelvetrano
Eliana,38,Librarian,Piacenza
Serena,32,Pharmacist,Altamura
Luigina,61,Paediatric nurse,Grosseto
Jacopo,19,Merchant navy officer,Basilicata
Gianfranco,46,Librarian,Fabriano
Vittoria,57,Software engineer,Nuoro
Germana,26,Lecturer,Portogruaro
Nanni,62,Industrial buyer,Campania
